{
  "environment": "PROD",
  "logging": {
    "serverURL": "/log",
    "sendToServer": {
      "debug": false,
      "info": false,
      "warn": true,
      "error": true
    },
    "writeToConsole": {
      "debug": false,
      "info": false,
      "warn": true,
      "error": true
    }
  },
  "loginMethods": {
    "FI": {
      "household": ["login-method-codeApp"],
      "corporate": ["login-method-codeApp"]
    },
    "SE": {
      "household": ["login-method-bankID"],
      "corporate": ["login-method-bankID"]
    },
    "DK": {
      "household": [],
      "corporate": []
    },
    "NO": {
      "household": [],
      "corporate": []
    }
  }
}
