{
  "environment": "DEV",
  "logging": {
    "debug": true,
    "serverURL": "/log",
    "sendToServer": {
      "debug": false,
      "info": false,
      "warn": false,
      "error": false
    },
    "writeToConsole": {
      "debug": true,
      "info": true,
      "warn": true,
      "error": true
    }
  },
  "session": {
    "idle" : 300,
    "timeout": 30
  },
  "loginMethods": {
    "FI": {
      "household": ["login-method-codeApp", "login-method-code", "login-method-mock"],
      "corporate": ["login-method-codeApp", "login-method-code", "login-method-mock"]
    },
    "SE": {
      "household": ["login-method-bankID", "login-method-code", "login-method-mock"],
      "corporate": ["login-method-bankID", "login-method-code", "login-method-mock"]
    },
    "DK": {
      "household": ["login-method-code", "login-method-mock"],
      "corporate": ["login-method-code", "login-method-mock"]
    },
    "NO": {
      "household": ["login-method-code", "login-method-mock"],
      "corporate": ["login-method-code", "login-method-mock"]
    }
  },
  "urls":[
    {"url":"/security/oauth2/servicetoken", "target":"http://ap-micros1t.oneadr.net/security/oauth2/servicetoken", "country":"SE"},
    {"url":"/security/oauth2/servicetoken", "target":"http://ap-micros1s.oneadr.net/security/oauth2/token", "country":"FI"},
    {"url":"/mocktoken", "target":"/api/dbf/ca/authentication-mock-v1/security/oauth/token"},
    {"url":"/mockagreement","target":"/api/dbf/ca/authentication-mock-v1/security/oauth/agreement"},
    {"url":"/etc/messages", "target": "http://digital.se.nd.dev01.qaoneadr.local/api/dbf/ca/messages-v02/etc/messages"},
    {"url":"/etc/recommendations", "target": "http://digital.se.nd.dev01.qaoneadr.local/api/dbf/ca/recommendations-v04/etc/recommendations"},
    {"url":"/etc/meetings", "target":"http://digital.se.nd.dev01.qaoneadr.local/api/dbf/ca/meetings-v01/etc/meetings"},
    {"url":"/banking/cards", "target":"http://ap-micros3t:9028/banking/cards", "country":"SE"},
    {"url":"/banking/cards", "target":"http://ap-micros1s/v0.2/banking/cards/fi", "country":"FI"},
    {"url":"/banking/accounts", "target": "http://digital.se.nd.dev01.qaoneadr.local/api/dbf/se/accounts-v05/accounts","country":"SE"},
    {"url":"/banking/accounts", "target": "http://digital.fi.nd.dev01.qaoneadr.local/api/dbf/fi/accounts-v05/accounts","country":"FI"},
    {"url":"/banking/beneficiaries", "target": "http://digital.se.nd.dev01.qaoneadr.local/api/dbf/se/beneficiaries-v05/banking/beneficiaries","country":"SE"},
    {"url":"/banking/beneficiaries", "target": "http://ap-micros1s.oneadr.net/v0.2/banking/beneficiaries","country":"FI"},
    {"url":"/banking/payments", "target": "http://digital.se.nd.dev01.qaoneadr.local/api/dbf/se/payments-v05/banking/payments","country":"SE"},
    {"url":"/banking/payments", "target": "http://digital.se.nd.dev01.qaoneadr.local/api/dbf/fi/payments-v03/banking/payments","country":"FI"},
    {"url":"/banking/payee", "target": "http://digital.se.nd.dev01.qaoneadr.local/api/dbf/se/payee-v05/banking/payee"},
    {"url":"/savings-api", "target": "/api/dbf/ca/savings-v01"},
    {"url":"/banking/loans", "target": "http://ap-micros1s.oneadr.net/v0.2/banking/loans"},
    {"url":"/banking/search", "target": "/api/dbf/ca/search-v02/search"},
    {"url":"/utilities/bankdays", "target": "http://ap-micros1s/v0/utilities/bankdays"},
    {"url":"/xfm/", "target": "/api/dbf/ca/xfm-v06/xfm/"},
    {"url":"/agreements/self", "target": "http://ap-rbo1s:81/aa-internal-api/v1/agreements/self","country":"SE"},
    {"url":"/signing/eTicket", "target": "http://ap-rbo1s:81/aa-internal-api/v1/signing/eTicket","country":"SE"},
    {"url":"/agreement/usersOverview", "target": "http://ap-rbo1s:81/aa-internal-api/v1/agreements/self/users","country":"SE"},
    {"url":"/users/settings", "target": "http://ap-rbo1s:82/api/dbf/ca/settings-v01/users/settings"},
    {"url":"/catalog/products", "target": "http://ap-rbo1s:82/api/dbf/ca/catalog-v01/catalog/products"}
  ],
  "testCustomers": [
    {
      "name": "194008010011",
      "style": "household",
      "personId": "194008010011",
      "country": "SE",
      "channel": "RBO",
      "authenticationMethod": "BANKID",
      "agreement": 3933747
    },
    {
      "name": "SE 194008010011",
      "style": "corporate",
      "personId": "194008010011",
      "country": "SE",
      "channel": "RBO",
      "authenticationMethod": "BANKID",
      "agreement": 3933747
    },
    {
      "name": "Cards FI000000000394320",
      "style": "household",
      "personId": "FI000000000394320",
      "country": "FI",
      "channel": "RBO",
      "authenticationMethod": "BANKID",
      "agreement": 2172332
    },
    {
      "name": "2404760133",
      "style": "household",
      "personId": "2404760133",
      "country": "DK",
      "channel": "DBW",
      "authenticationMethod": "NEMID",
      "agreement": 0
    },
    {
      "name": "25241614",
      "style": "corporate",
      "personId": "0406640019",
      "country": "DK",
      "channel": "DBW",
      "authenticationMethod": "NEMID",
      "agreement": 3100375
    },
    {
      "name": "Cards 152215",
      "style": "corporate",
      "personId": "297914-49",
      "country": "FI",
      "channel": "DBW",
      "authenticationMethod": "BANKID",
      "agreement": 138800
    },
    {
      "name": "Cards 402727",
      "style": "corporate",
      "personId": "297914-49",
      "country": "FI",
      "channel": "DBW",
      "authenticationMethod": "BANKID",
      "agreement": 402727
    },
    {
      "name": "192410010520",
      "style": "corporate",
      "personId": "192410010520",
      "country": "SE",
      "channel": "DBW",
      "authenticationMethod": "BANKID",
      "agreement": 3933066
    },
    {
      "name": "297914-49,552 Unsigned",
      "style": "corporate",
      "personId": "297914-49",
      "country": "SE",
      "channel": "RBO",
      "authenticationMethod": "BANKID",
      "agreement": 552,
      "start": "start.sign-agreement"
    },
    {
      "name": "3933066 Signed",
      "style": "corporate",
      "personId": "192410010520",
      "country": "SE",
      "channel": "DBW",
      "authenticationMethod": "BANKID",
      "agreement": 3933066
    },
    {
      "name": "195801010033",
      "style": "household",
      "personId": "195801010033",
      "country": "SE",
      "channel": "RBO",
      "authenticationMethod": "BANKID",
      "agreement": 3933865
    }

  ]
}
